keggID,DECount,Expect,N,notDECount,DEGsRatio,GeneRatio,BgRatio,p,adjP,FDR,Class,Description,SubVsCont
ath00280,8,1.0819672131147542,52,44,8/52,8/123,44/5002,2.7217008509601742e-5,2.7217008509601742e-5,2.7217008509601742e-5,Metabolism; Amino acid metabolism,"Valine, leucine and isoleucine degradation",gad1CS
ath00410,7,0.9836065573770492,47,40,7/47,7/123,40/5002,1.0952660390293086e-4,1.0952660390293086e-4,1.0952660390293086e-4,Metabolism; Metabolism of other amino acids,beta-Alanine metabolism,gad1CS
ath04075,18,6.713114754098361,291,273,18/291,18/123,273/5002,1.695601792614936e-4,1.695601792614936e-4,1.695601792614936e-4,Environmental Information Processing; Signal transduction,Plant hormone signal transduction,gad1CS
ath00908,5,0.6639344262295082,32,27,5/32,5/123,27/5002,8.790372146132167e-4,8.790372146132167e-4,8.790372146132167e-4,Metabolism; Metabolism of terpenoids and polyketides,Zeatin biosynthesis,gad1CS
ath00071,5,1.0327868852459017,47,42,5/47,5/123,42/5002,0.005027807359626465,0.005027807359626465,0.005027807359626465,Metabolism; Lipid metabolism,Fatty acid degradation,gad1CS
ath00260,6,1.5737704918032787,70,64,6/70,6/123,64/5002,0.0063316218662675915,0.0063316218662675915,0.0063316218662675915,Metabolism; Amino acid metabolism,"Glycine, serine and threonine metabolism",gad1CS
ath00330,5,1.2049180327868851,54,49,5/54,5/123,49/5002,0.009075352503836948,0.009075352503836948,0.009075352503836948,Metabolism; Amino acid metabolism,Arginine and proline metabolism,gad1CS
ath00052,5,1.278688524590164,57,52,5/57,5/123,52/5002,0.011351870155642723,0.011351870155642723,0.011351870155642723,Metabolism; Carbohydrate metabolism,Galactose metabolism,gad1CS
ath00380,5,1.4508196721311475,64,59,5/64,5/123,59/5002,0.01811111147119615,0.01811111147119615,0.01811111147119615,Metabolism; Amino acid metabolism,Tryptophan metabolism,gad1CS
ath00592,4,0.9590163934426229,43,39,4/43,4/123,39/5002,0.018949516351772507,0.018949516351772507,0.018949516351772507,Metabolism; Lipid metabolism,alpha-Linolenic acid metabolism,gad1CS
ath00310,3,0.6885245901639344,31,28,3/31,3/123,28/5002,0.03720228977555938,0.03720228977555938,0.03720228977555938,Metabolism; Amino acid metabolism,Lysine degradation,gad1CS
ath00860,4,1.2049180327868851,53,49,4/53,4/123,49/5002,0.037489235325370976,0.037489235325370976,0.037489235325370976,Metabolism; Metabolism of cofactors and vitamins,Porphyrin metabolism,gad1CS
ath00040,6,2.5081967213114753,108,102,6/108,6/123,102/5002,0.044487117425267314,0.044487117425267314,0.044487117425267314,Metabolism; Carbohydrate metabolism,Pentose and glucuronate interconversions,gad1CS
ath00770,3,0.7622950819672131,34,31,3/34,3/123,31/5002,0.04704231146013594,0.04704231146013594,0.04704231146013594,Metabolism; Metabolism of cofactors and vitamins,Pantothenate and CoA biosynthesis,gad1CS
ath04146,5,2.040983606557377,88,83,5/88,5/123,83/5002,0.05939050713087278,0.05939050713087278,0.05939050713087278,Cellular Processes; Transport and catabolism,Peroxisome,gad1CS
ath00500,8,4.008196721311475,171,163,8/171,8/123,163/5002,0.06683720036781357,0.06683720036781357,0.06683720036781357,Metabolism; Carbohydrate metabolism,Starch and sucrose metabolism,gad1CS
ath04136,3,0.9344262295081968,41,38,3/41,3/123,38/5002,0.07437905435197568,0.07437905435197568,0.07437905435197568,Cellular Processes; Transport and catabolism,Autophagy - other,gad1CS
ath00340,2,0.4180327868852459,19,17,2/19,2/123,17/5002,0.0749148444739794,0.0749148444739794,0.0749148444739794,Metabolism; Amino acid metabolism,Histidine metabolism,gad1CS
ath00910,3,0.9836065573770492,43,40,3/43,3/123,40/5002,0.08323944005058588,0.08323944005058588,0.08323944005058588,Metabolism; Energy metabolism,Nitrogen metabolism,gad1CS
ath00950,2,0.4918032786885246,22,20,2/22,2/123,20/5002,0.09665507777764847,0.09665507777764847,0.09665507777764847,Metabolism; Biosynthesis of other secondary metabolites,Isoquinoline alkaloid biosynthesis,gad1CS
ath01040,2,0.5655737704918032,25,23,2/25,2/123,23/5002,0.11992215072585591,0.11992215072585591,0.11992215072585591,Metabolism; Lipid metabolism,Biosynthesis of unsaturated fatty acids,gad1CS
ath00270,6,2.901639344262295,124,118,6/124,6/123,118/5002,0.12399702569167122,0.12399702569167122,0.12399702569167122,Metabolism; Amino acid metabolism,Cysteine and methionine metabolism,gad1CS
ath00360,2,0.7622950819672131,33,31,2/33,2/123,31/5002,0.18712778312399553,0.18712778312399553,0.18712778312399553,Metabolism; Amino acid metabolism,Phenylalanine metabolism,gad1CS
ath00053,3,1.4754098360655739,63,60,3/63,3/123,60/5002,0.19184328350876922,0.19184328350876922,0.19184328350876922,Metabolism; Carbohydrate metabolism,Ascorbate and aldarate metabolism,gad1CS
ath00010,5,2.80327868852459,119,114,5/119,5/123,114/5002,0.21036727333567368,0.21036727333567368,0.21036727333567368,Metabolism; Carbohydrate metabolism,Glycolysis / Gluconeogenesis,gad1CS
ath00561,3,1.5491803278688525,66,63,3/66,3/123,63/5002,0.21044475842702906,0.21044475842702906,0.21044475842702906,Metabolism; Lipid metabolism,Glycerolipid metabolism,gad1CS
ath00960,2,0.8360655737704918,36,34,2/36,2/123,34/5002,0.21353914737453636,0.21353914737453636,0.21353914737453636,Metabolism; Biosynthesis of other secondary metabolites,"Tropane, piperidine and pyridine alkaloid biosynthesis",gad1CS
ath00460,3,1.6475409836065573,70,67,3/70,3/123,67/5002,0.2358282146963395,0.2358282146963395,0.2358282146963395,Metabolism; Metabolism of other amino acids,Cyanoamino acid metabolism,gad1CS
ath04712,2,0.9098360655737705,39,37,2/39,2/123,37/5002,0.24028014791060906,0.24028014791060906,0.24028014791060906,Organismal Systems; Environmental adaptation,Circadian rhythm - plant,gad1CS
ath00350,2,0.9590163934426229,41,39,2/41,2/123,39/5002,0.25820314085788604,0.25820314085788604,0.25820314085788604,Metabolism; Amino acid metabolism,Tyrosine metabolism,gad1CS
ath00640,2,0.9590163934426229,41,39,2/41,2/123,39/5002,0.25820314085788604,0.25820314085788604,0.25820314085788604,Metabolism; Carbohydrate metabolism,Propanoate metabolism,gad1CS
ath00920,2,0.9836065573770492,42,40,2/42,2/123,40/5002,0.2671755930739447,0.2671755930739447,0.2671755930739447,Metabolism; Energy metabolism,Sulfur metabolism,gad1CS
ath00400,2,1.3278688524590163,56,54,2/56,2/123,54/5002,0.39076692481225705,0.39076692481225705,0.39076692481225705,Metabolism; Amino acid metabolism,"Phenylalanine, tyrosine and tryptophan biosynthesis",gad1CS
ath00630,3,1.8442622950819672,78,75,3/78,3/123,75/5002,0.4361375920071243,0.4361375920071243,0.4361375920071243,Metabolism; Carbohydrate metabolism,Glyoxylate and dicarboxylate metabolism,gad1CS
ath00620,3,2.3114754098360657,97,94,3/97,3/123,94/5002,0.505835273507142,0.505835273507142,0.505835273507142,Metabolism; Carbohydrate metabolism,Pyruvate metabolism,gad1CS
ath00520,4,3.1721311475409837,133,129,4/133,4/123,129/5002,0.5617485383508238,0.5617485383508238,0.5617485383508238,Metabolism; Carbohydrate metabolism,Amino sugar and nucleotide sugar metabolism,gad1CS
ath00051,2,1.5,63,61,2/63,2/123,61/5002,0.6636791466627586,0.6636791466627586,0.6636791466627586,Metabolism; Carbohydrate metabolism,Fructose and mannose metabolism,gad1CS
ath00020,2,1.5245901639344261,64,62,2/64,2/123,62/5002,0.6665751005277346,0.6665751005277346,0.6665751005277346,Metabolism; Carbohydrate metabolism,Citrate cycle (TCA cycle),gad1CS
ath00999,2,1.5491803278688525,65,63,2/65,2/123,63/5002,0.6695284324921007,0.6695284324921007,0.6695284324921007,Metabolism; Biosynthesis of other secondary metabolites,Biosynthesis of various plant secondary metabolites,gad1CS
ath00562,2,1.8934426229508197,79,77,2/79,2/123,77/5002,0.7147258092319253,0.7147258092319253,0.7147258092319253,Metabolism; Carbohydrate metabolism,Inositol phosphate metabolism,gad1CS
ath04016,28,10.217771148519072,139,111,28/139,28/432,111/4693,1.3307107509399896e-5,1.3307107509399896e-5,1.3307107509399896e-5,Environmental Information Processing; Signal transduction,MAPK signaling pathway - plant,gad1SALK
ath04075,46,22.552738120605156,291,245,46/291,46/432,245/4693,1.8343056485911614e-5,1.8343056485911614e-5,1.8343056485911614e-5,Environmental Information Processing; Signal transduction,Plant hormone signal transduction,gad1SALK
ath00500,30,12.97933091838909,171,141,30/171,30/432,141/4693,1.0624492444277832e-4,1.0624492444277832e-4,1.0624492444277832e-4,Metabolism; Carbohydrate metabolism,Starch and sucrose metabolism,gad1SALK
ath00592,12,2.85361176219902,43,31,12/43,12/432,31/4693,1.5077742068072075e-4,1.5077742068072075e-4,1.5077742068072075e-4,Metabolism; Lipid metabolism,alpha-Linolenic acid metabolism,gad1SALK
ath00280,13,3.590027700831025,52,39,13/52,13/432,39/4693,2.70822225868218e-4,2.70822225868218e-4,2.70822225868218e-4,Metabolism; Amino acid metabolism,"Valine, leucine and isoleucine degradation",gad1SALK
ath00071,11,3.313871723844023,47,36,11/47,11/432,36/4693,0.0014370059555396612,0.0014370059555396612,0.0014370059555396612,Metabolism; Lipid metabolism,Fatty acid degradation,gad1SALK
ath00270,21,9.481355209887067,124,103,21/124,21/432,103/4693,0.0016093790881066493,0.0016093790881066493,0.0016093790881066493,Metabolism; Amino acid metabolism,Cysteine and methionine metabolism,gad1SALK
ath00460,14,5.154911570424035,70,56,14/70,14/432,56/4693,0.0017617977358798727,0.0017617977358798727,0.0017617977358798727,Metabolism; Metabolism of other amino acids,Cyanoamino acid metabolism,gad1SALK
ath00940,21,9.849563179203068,128,107,21/128,21/432,107/4693,0.0030614697590885215,0.0030614697590885215,0.0030614697590885215,Metabolism; Biosynthesis of other secondary metabolites,Phenylpropanoid biosynthesis,gad1SALK
ath00908,8,2.209247815896015,32,24,8/32,8/432,24/4693,0.004108604067767539,0.004108604067767539,0.004108604067767539,Metabolism; Metabolism of terpenoids and polyketides,Zeatin biosynthesis,gad1SALK
ath00260,13,5.246963562753036,70,57,13/70,13/432,57/4693,0.007010380523414161,0.007010380523414161,0.007010380523414161,Metabolism; Amino acid metabolism,"Glycine, serine and threonine metabolism",gad1SALK
ath00910,9,3.129767739186022,43,34,9/43,9/432,34/4693,0.008375074729825521,0.008375074729825521,0.008375074729825521,Metabolism; Energy metabolism,Nitrogen metabolism,gad1SALK
ath00380,12,4.786703601108033,64,52,12/64,12/432,52/4693,0.009797435960356225,0.009797435960356225,0.009797435960356225,Metabolism; Amino acid metabolism,Tryptophan metabolism,gad1SALK
ath00999,12,4.878755593437034,65,53,12/65,12/432,53/4693,0.01036673091883319,0.01036673091883319,0.01036673091883319,Metabolism; Biosynthesis of other secondary metabolites,Biosynthesis of various plant secondary metabolites,gad1SALK
ath00561,12,4.9708075857660345,66,54,12/66,12/432,54/4693,0.011050602461540455,0.011050602461540455,0.011050602461540455,Metabolism; Lipid metabolism,Glycerolipid metabolism,gad1SALK
ath00040,17,8.376731301939058,108,91,17/108,17/432,91/4693,0.012470629467992819,0.012470629467992819,0.012470629467992819,Metabolism; Carbohydrate metabolism,Pentose and glucuronate interconversions,gad1SALK
ath00410,9,3.4979757085020244,47,38,9/47,9/432,38/4693,0.014997191646795336,0.014997191646795336,0.014997191646795336,Metabolism; Metabolism of other amino acids,beta-Alanine metabolism,gad1SALK
ath00630,13,5.983379501385041,78,65,13/78,13/432,65/4693,0.020699120376745803,0.020699120376745803,0.020699120376745803,Metabolism; Carbohydrate metabolism,Glyoxylate and dicarboxylate metabolism,gad1SALK
ath00564,15,7.732367355636054,99,84,15/99,15/432,84/4693,0.02573716820127228,0.02573716820127228,0.02573716820127228,Metabolism; Lipid metabolism,Glycerophospholipid metabolism,gad1SALK
ath00906,6,2.1171958235670147,29,23,6/29,6/432,23/4693,0.03104241059797034,0.03104241059797034,0.03104241059797034,Metabolism; Metabolism of terpenoids and polyketides,Carotenoid biosynthesis,gad1SALK
ath00901,2,0.1841039846580013,4,2,2/4,2/432,2/4693,0.03792975588908726,0.03792975588908726,0.03792975588908726,Metabolism; Biosynthesis of other secondary metabolites,Indole alkaloid biosynthesis,gad1SALK
ath04712,7,2.9456637545280207,39,32,7/39,7/432,32/4693,0.041791173854036454,0.041791173854036454,0.041791173854036454,Organismal Systems; Environmental adaptation,Circadian rhythm - plant,gad1SALK
ath00710,11,5.339015555082037,69,58,11/69,11/432,58/4693,0.044497471231898435,0.044497471231898435,0.044497471231898435,Metabolism; Energy metabolism,Carbon fixation in photosynthetic organisms,gad1SALK
ath00052,9,4.41849563179203,57,48,9/57,9/432,48/4693,0.05353773141791705,0.05353773141791705,0.05353773141791705,Metabolism; Carbohydrate metabolism,Galactose metabolism,gad1SALK
ath00340,4,1.3807798849350097,19,15,4/19,4/432,15/4693,0.06999984181948421,0.06999984181948421,0.06999984181948421,Metabolism; Amino acid metabolism,Histidine metabolism,gad1SALK
ath00250,8,3.9582356701470274,51,43,8/51,8/432,43/4693,0.07228762050620895,0.07228762050620895,0.07228762050620895,Metabolism; Amino acid metabolism,"Alanine, aspartate and glutamate metabolism",gad1SALK
ath00350,7,3.129767739186022,41,34,7/41,7/432,34/4693,0.07954735828959092,0.07954735828959092,0.07954735828959092,Metabolism; Amino acid metabolism,Tyrosine metabolism,gad1SALK
ath00520,17,10.678031110164074,133,116,17/133,17/432,116/4693,0.07977488299850928,0.07977488299850928,0.07977488299850928,Metabolism; Carbohydrate metabolism,Amino sugar and nucleotide sugar metabolism,gad1SALK
ath04146,12,6.995951417004049,88,76,12/88,12/432,76/4693,0.0812634587449054,0.0812634587449054,0.0812634587449054,Cellular Processes; Transport and catabolism,Peroxisome,gad1SALK
ath00860,8,4.142339654805029,53,45,8/53,8/432,45/4693,0.08301843887981562,0.08301843887981562,0.08301843887981562,Metabolism; Metabolism of cofactors and vitamins,Porphyrin metabolism,gad1SALK
ath00903,2,0.3682079693160026,6,4,2/6,2/432,4/4693,0.08469299152996682,0.08469299152996682,0.08469299152996682,Metabolism; Metabolism of terpenoids and polyketides,Limonene and pinene degradation,gad1SALK
ath00730,4,1.564883869593011,21,17,4/21,4/432,17/4693,0.0947830351933921,0.0947830351933921,0.0947830351933921,Metabolism; Metabolism of cofactors and vitamins,Thiamine metabolism,gad1SALK
ath00261,3,1.012571915619007,14,11,3/14,3/432,11/4693,0.10789362997180575,0.10789362997180575,0.10789362997180575,Metabolism; Biosynthesis of other secondary metabolites,Monobactam biosynthesis,gad1SALK
ath00330,8,4.2343916471340295,54,46,8/54,8/432,46/4693,0.13120214985043638,0.13120214985043638,0.13120214985043638,Metabolism; Amino acid metabolism,Arginine and proline metabolism,gad1SALK
ath00130,6,3.037715746857021,39,33,6/39,6/432,33/4693,0.13745343809654628,0.13745343809654628,0.13745343809654628,Metabolism; Metabolism of cofactors and vitamins,Ubiquinone and other terpenoid-quinone biosynthesis,gad1SALK
ath00230,11,6.995951417004049,87,76,11/87,11/432,76/4693,0.1689984414835116,0.1689984414835116,0.1689984414835116,Metabolism; Nucleotide metabolism,Purine metabolism,gad1SALK
ath00591,2,0.6443639463030044,9,7,2/9,2/432,7/4693,0.17214887198712833,0.17214887198712833,0.17214887198712833,Metabolism; Lipid metabolism,Linoleic acid metabolism,gad1SALK
ath00945,2,0.6443639463030044,9,7,2/9,2/432,7/4693,0.17214887198712833,0.17214887198712833,0.17214887198712833,Metabolism; Biosynthesis of other secondary metabolites,"Stilbenoid, diarylheptanoid and gingerol biosynthesis",gad1SALK
ath00310,5,2.3933518005540164,31,26,5/31,5/432,26/4693,0.17957419985906312,0.17957419985906312,0.17957419985906312,Metabolism; Amino acid metabolism,Lysine degradation,gad1SALK
ath00450,3,1.3807798849350097,18,15,3/18,3/432,15/4693,0.18954607392912087,0.18954607392912087,0.18954607392912087,Metabolism; Metabolism of other amino acids,Selenocompound metabolism,gad1SALK
ath00360,5,2.5774557852120177,33,28,5/33,5/432,28/4693,0.19446604824081495,0.19446604824081495,0.19446604824081495,Metabolism; Amino acid metabolism,Phenylalanine metabolism,gad1SALK
ath00770,5,2.6695077775410185,34,29,5/34,5/432,29/4693,0.2034131902870258,0.2034131902870258,0.2034131902870258,Metabolism; Metabolism of cofactors and vitamins,Pantothenate and CoA biosynthesis,gad1SALK
ath00760,3,1.4728318772640103,19,16,3/19,3/432,16/4693,0.21196099244967784,0.21196099244967784,0.21196099244967784,Metabolism; Metabolism of cofactors and vitamins,Nicotinate and nicotinamide metabolism,gad1SALK
ath00480,12,8.376731301939058,103,91,12/103,12/432,91/4693,0.21271250482051363,0.21271250482051363,0.21271250482051363,Metabolism; Metabolism of other amino acids,Glutathione metabolism,gad1SALK
ath00220,5,2.85361176219902,36,31,5/36,5/432,31/4693,0.22396140474889764,0.22396140474889764,0.22396140474889764,Metabolism; Amino acid metabolism,Arginine biosynthesis,gad1SALK
ath00960,5,2.85361176219902,36,31,5/36,5/432,31/4693,0.22396140474889764,0.22396140474889764,0.22396140474889764,Metabolism; Biosynthesis of other secondary metabolites,"Tropane, piperidine and pyridine alkaloid biosynthesis",gad1SALK
ath00010,13,9.757511186874067,119,106,13/119,13/432,106/4693,0.31508869843603565,0.31508869843603565,0.31508869843603565,Metabolism; Carbohydrate metabolism,Glycolysis / Gluconeogenesis,gad1SALK
ath00600,4,2.5774557852120177,32,28,4/32,4/432,28/4693,0.3410880838200907,0.3410880838200907,0.3410880838200907,Metabolism; Lipid metabolism,Sphingolipid metabolism,gad1SALK
ath00300,2,1.1966759002770082,15,13,2/15,2/432,13/4693,0.36466639786350646,0.36466639786350646,0.36466639786350646,Metabolism; Amino acid metabolism,Lysine biosynthesis,gad1SALK
ath00640,5,3.313871723844023,41,36,5/41,5/432,36/4693,0.3891172233158156,0.3891172233158156,0.3891172233158156,Metabolism; Carbohydrate metabolism,Propanoate metabolism,gad1SALK
ath00061,5,3.4979757085020244,43,38,5/43,5/432,38/4693,0.40590867416019105,0.40590867416019105,0.40590867416019105,Metabolism; Lipid metabolism,Fatty acid biosynthesis,gad1SALK
ath00670,3,1.6569358619220116,21,18,3/21,3/432,18/4693,0.41502679067462606,0.41502679067462606,0.41502679067462606,Metabolism; Metabolism of cofactors and vitamins,One carbon pool by folate,gad1SALK
ath00950,3,1.7489878542510122,22,19,3/22,3/432,19/4693,0.4254012531037672,0.4254012531037672,0.4254012531037672,Metabolism; Biosynthesis of other secondary metabolites,Isoquinoline alkaloid biosynthesis,gad1SALK
ath04626,20,16.937566588536118,204,184,20/204,20/432,184/4693,0.4411271979925984,0.4411271979925984,0.4411271979925984,Organismal Systems; Environmental adaptation,Plant-pathogen interaction,gad1SALK
ath00941,3,2.025143831238014,25,22,3/25,3/432,22/4693,0.4635422958124342,0.4635422958124342,0.4635422958124342,Metabolism; Biosynthesis of other secondary metabolites,Flavonoid biosynthesis,gad1SALK
ath01040,3,2.025143831238014,25,22,3/25,3/432,22/4693,0.4635422958124342,0.4635422958124342,0.4635422958124342,Metabolism; Lipid metabolism,Biosynthesis of unsaturated fatty acids,gad1SALK
ath00400,6,4.602599616450032,56,50,6/56,6/432,50/4693,0.4696029258845076,0.4696029258845076,0.4696029258845076,Metabolism; Amino acid metabolism,"Phenylalanine, tyrosine and tryptophan biosynthesis",gad1SALK
ath00565,3,2.1171958235670147,26,23,3/26,3/432,23/4693,0.47798975366831964,0.47798975366831964,0.47798975366831964,Metabolism; Lipid metabolism,Ether lipid metabolism,gad1SALK
ath00053,7,5.154911570424035,63,56,7/63,7/432,56/4693,0.4887637017105618,0.4887637017105618,0.4887637017105618,Metabolism; Carbohydrate metabolism,Ascorbate and aldarate metabolism,gad1SALK
ath00100,4,2.9456637545280207,36,32,4/36,4/432,32/4693,0.5408329891684341,0.5408329891684341,0.5408329891684341,Metabolism; Lipid metabolism,Steroid biosynthesis,gad1SALK
ath00030,6,4.786703601108033,58,52,6/58,6/432,52/4693,0.630605301814634,0.630605301814634,0.630605301814634,Metabolism; Carbohydrate metabolism,Pentose phosphate pathway,gad1SALK
ath00051,6,5.246963562753036,63,57,6/63,6/432,57/4693,0.6508589590324177,0.6508589590324177,0.6508589590324177,Metabolism; Carbohydrate metabolism,Fructose and mannose metabolism,gad1SALK
ath00904,2,1.7489878542510122,21,19,2/21,2/432,19/4693,0.6956628695028053,0.6956628695028053,0.6956628695028053,Metabolism; Metabolism of terpenoids and polyketides,Diterpenoid biosynthesis,gad1SALK
ath00196,2,1.8410398465800129,22,20,2/22,2/432,20/4693,0.7080937169923254,0.7080937169923254,0.7080937169923254,Metabolism; Energy metabolism,Photosynthesis - antenna proteins,gad1SALK
ath04136,4,3.4059237161730236,41,37,4/41,4/432,37/4693,0.7744204492535113,0.7744204492535113,0.7744204492535113,Cellular Processes; Transport and catabolism,Autophagy - other,gad1SALK
ath00920,4,3.4979757085020244,42,38,4/42,4/432,38/4693,0.7775673406441225,0.7775673406441225,0.7775673406441225,Metabolism; Energy metabolism,Sulfur metabolism,gad1SALK
ath00562,7,6.627743447688046,79,72,7/79,7/432,72/4693,0.8378979557505633,0.8378979557505633,0.8378979557505633,Metabolism; Carbohydrate metabolism,Inositol phosphate metabolism,gad1SALK
ath00280,11,1.2107271996785858,52,41,11/52,11/147,41/4978,1.635572829445304e-7,1.635572829445304e-7,1.635572829445304e-7,Metabolism; Amino acid metabolism,"Valine, leucine and isoleucine degradation",gad21
ath00592,9,1.0040176777822418,43,34,9/43,9/147,34/4978,2.523731650326099e-6,2.523731650326099e-6,2.523731650326099e-6,Metabolism; Lipid metabolism,alpha-Linolenic acid metabolism,gad21
ath00071,7,1.181197267979108,47,40,7/47,7/147,40/4978,3.325953274573929e-4,3.325953274573929e-4,3.325953274573929e-4,Metabolism; Lipid metabolism,Fatty acid degradation,gad21
ath00410,7,1.181197267979108,47,40,7/47,7/147,40/4978,3.325953274573929e-4,3.325953274573929e-4,3.325953274573929e-4,Metabolism; Metabolism of other amino acids,beta-Alanine metabolism,gad21
ath04075,18,8.061671353957413,291,273,18/291,18/147,273/4978,0.0016749236812795448,0.0016749236812795448,0.0016749236812795448,Environmental Information Processing; Signal transduction,Plant hormone signal transduction,gad21
ath00908,5,0.797308155885898,32,27,5/32,5/147,27/4978,0.001953815728215455,0.001953815728215455,0.001953815728215455,Metabolism; Metabolism of terpenoids and polyketides,Zeatin biosynthesis,gad21
ath00330,6,1.4174367215749297,54,48,6/54,6/147,48/4978,0.004174452628827327,0.004174452628827327,0.004174452628827327,Metabolism; Amino acid metabolism,Arginine and proline metabolism,gad21
ath00640,5,1.0630775411811972,41,36,5/41,5/147,36/4978,0.005913164251363417,0.005913164251363417,0.005913164251363417,Metabolism; Carbohydrate metabolism,Propanoate metabolism,gad21
ath00053,6,1.683206106870229,63,57,6/63,6/147,57/4978,0.008898085066849566,0.008898085066849566,0.008898085066849566,Metabolism; Carbohydrate metabolism,Ascorbate and aldarate metabolism,gad21
ath00460,6,1.8899156287665728,70,64,6/70,6/147,64/4978,0.01458838773342363,0.01458838773342363,0.01458838773342363,Metabolism; Metabolism of other amino acids,Cyanoamino acid metabolism,gad21
ath00270,8,3.4254720771394136,124,116,8/124,8/147,116/4978,0.02533860566381119,0.02533860566381119,0.02533860566381119,Metabolism; Amino acid metabolism,Cysteine and methionine metabolism,gad21
ath00591,2,0.20670952189634392,9,7,2/9,2/147,7/4978,0.02577255685016395,0.02577255685016395,0.02577255685016395,Metabolism; Lipid metabolism,Linoleic acid metabolism,gad21
ath00040,7,2.982523101647248,108,101,7/108,7/147,101/4978,0.03470528046325363,0.03470528046325363,0.03470528046325363,Metabolism; Carbohydrate metabolism,Pentose and glucuronate interconversions,gad21
ath00310,3,0.8268380875853757,31,28,3/31,3/147,28/4978,0.057884765594925294,0.057884765594925294,0.057884765594925294,Metabolism; Amino acid metabolism,Lysine degradation,gad21
ath00500,9,4.783848935315388,171,162,9/171,9/147,162/4978,0.06245134650492626,0.06245134650492626,0.06245134650492626,Metabolism; Carbohydrate metabolism,Starch and sucrose metabolism,gad21
ath00860,4,1.4469666532744074,53,49,4/53,4/147,49/4978,0.06444669951080581,0.06444669951080581,0.06444669951080581,Metabolism; Metabolism of cofactors and vitamins,Porphyrin metabolism,gad21
ath00770,3,0.9154278826838088,34,31,3/34,3/147,31/4978,0.07247576231052963,0.07247576231052963,0.07247576231052963,Metabolism; Metabolism of cofactors and vitamins,Pantothenate and CoA biosynthesis,gad21
ath00340,2,0.5020088388911209,19,17,2/19,2/147,17/4978,0.1017058293888095,0.1017058293888095,0.1017058293888095,Metabolism; Amino acid metabolism,Histidine metabolism,gad21
ath04136,3,1.1221374045801527,41,38,3/41,3/147,38/4978,0.11202478512873186,0.11202478512873186,0.11202478512873186,Cellular Processes; Transport and catabolism,Autophagy - other,gad21
ath00999,4,1.80132583366814,65,61,4/65,4/147,61/4978,0.11523410415041956,0.11523410415041956,0.11523410415041956,Metabolism; Biosynthesis of other secondary metabolites,Biosynthesis of various plant secondary metabolites,gad21
ath00561,4,1.8308557653676176,66,62,4/66,4/147,62/4978,0.12008899001417779,0.12008899001417779,0.12008899001417779,Metabolism; Lipid metabolism,Glycerolipid metabolism,gad21
ath00260,4,1.9489754921655282,70,66,4/70,4/147,66/4978,0.14036220885144565,0.14036220885144565,0.14036220885144565,Metabolism; Amino acid metabolism,"Glycine, serine and threonine metabolism",gad21
ath00010,6,3.3368822820409805,119,113,6/119,6/147,113/4978,0.15583281070418717,0.15583281070418717,0.15583281070418717,Metabolism; Carbohydrate metabolism,Glycolysis / Gluconeogenesis,gad21
ath01040,2,0.6791884290879872,25,23,2/25,2/147,23/4978,0.1600046531392186,0.1600046531392186,0.1600046531392186,Metabolism; Lipid metabolism,Biosynthesis of unsaturated fatty acids,gad21
ath00250,3,1.4174367215749297,51,48,3/51,3/147,48/4978,0.1791985941383762,0.1791985941383762,0.1791985941383762,Metabolism; Amino acid metabolism,"Alanine, aspartate and glutamate metabolism",gad21
ath00906,2,0.797308155885898,29,27,2/29,2/147,27/4978,0.20155368243968544,0.20155368243968544,0.20155368243968544,Metabolism; Metabolism of terpenoids and polyketides,Carotenoid biosynthesis,gad21
ath00400,3,1.5650863800723183,56,53,3/56,3/147,53/4978,0.2161288925165994,0.2161288925165994,0.2161288925165994,Metabolism; Amino acid metabolism,"Phenylalanine, tyrosine and tryptophan biosynthesis",gad21
ath00600,2,0.8858979509843311,32,30,2/32,2/147,30/4978,0.23345657627213628,0.23345657627213628,0.23345657627213628,Metabolism; Lipid metabolism,Sphingolipid metabolism,gad21
ath00100,2,1.0040176777822418,36,34,2/36,2/147,34/4978,0.2763807303987243,0.2763807303987243,0.2763807303987243,Metabolism; Lipid metabolism,Steroid biosynthesis,gad21
ath00920,2,1.181197267979108,42,40,2/42,2/147,40/4978,0.3403910437075013,0.3403910437075013,0.3403910437075013,Metabolism; Energy metabolism,Sulfur metabolism,gad21
ath00061,2,1.2107271996785858,43,41,2/43,2/147,41/4978,0.3509187259364009,0.3509187259364009,0.3509187259364009,Metabolism; Lipid metabolism,Fatty acid biosynthesis,gad21
ath00910,2,1.2107271996785858,43,41,2/43,2/147,41/4978,0.3509187259364009,0.3509187259364009,0.3509187259364009,Metabolism; Energy metabolism,Nitrogen metabolism,gad21
ath00620,4,2.7462836480514263,97,93,4/97,4/147,93/4978,0.36068760162571256,0.36068760162571256,0.36068760162571256,Metabolism; Carbohydrate metabolism,Pyruvate metabolism,gad21
ath00380,3,1.80132583366814,64,61,3/64,3/147,61/4978,0.43142381491297255,0.43142381491297255,0.43142381491297255,Metabolism; Amino acid metabolism,Tryptophan metabolism,gad21
ath00520,5,3.7798312575331456,133,128,5/133,5/147,128/4978,0.4336088253331556,0.4336088253331556,0.4336088253331556,Metabolism; Carbohydrate metabolism,Amino sugar and nucleotide sugar metabolism,gad21
ath00710,3,1.9489754921655282,69,66,3/69,3/147,66/4978,0.4499040440117826,0.4499040440117826,0.4499040440117826,Metabolism; Energy metabolism,Carbon fixation in photosynthetic organisms,gad21
ath00052,2,1.6241462434712737,57,55,2/57,2/147,55/4978,0.6789260782520893,0.6789260782520893,0.6789260782520893,Metabolism; Carbohydrate metabolism,Galactose metabolism,gad21
ath00030,2,1.6536761751707514,58,56,2/58,2/147,56/4978,0.6827050399309513,0.6827050399309513,0.6827050399309513,Metabolism; Carbohydrate metabolism,Pentose phosphate pathway,gad21
ath00051,2,1.80132583366814,63,61,2/63,2/147,61/4978,0.702242582630446,0.702242582630446,0.702242582630446,Metabolism; Carbohydrate metabolism,Fructose and mannose metabolism,gad21
ath00020,2,1.8308557653676176,64,62,2/64,2/147,62/4978,0.7062406173528296,0.7062406173528296,0.7062406173528296,Metabolism; Carbohydrate metabolism,Citrate cycle (TCA cycle),gad21
ath02010,2,1.9489754921655282,68,66,2/68,2/147,66/4978,0.7223778433881428,0.7223778433881428,0.7223778433881428,Environmental Information Processing; Membrane transport,ABC transporters,gad21
ath04146,3,2.5100441944556047,88,85,3/88,3/147,85/4978,0.7406795348959332,0.7406795348959332,0.7406795348959332,Cellular Processes; Transport and catabolism,Peroxisome,gad21
ath00940,4,3.6617115307352353,128,124,4/128,4/147,124/4978,0.7861883095146239,0.7861883095146239,0.7861883095146239,Metabolism; Biosynthesis of other secondary metabolites,Phenylpropanoid biosynthesis,gad21
ath00380,25,5.025330396475771,64,39,25/64,25/585,39/4540,8.906936959144337e-9,8.906936959144337e-9,8.906936959144337e-9,Metabolism; Amino acid metabolism,Tryptophan metabolism,gad1245
ath04075,65,29.121145374449338,291,226,65/291,65/585,226/4540,3.7783824587116294e-8,3.7783824587116294e-8,3.7783824587116294e-8,Environmental Information Processing; Signal transduction,Plant hormone signal transduction,gad1245
ath00400,21,4.509911894273127,56,35,21/56,21/585,35/4540,3.1946574407017817e-7,3.1946574407017817e-7,3.1946574407017817e-7,Metabolism; Amino acid metabolism,"Phenylalanine, tyrosine and tryptophan biosynthesis",gad1245
ath00592,16,3.4790748898678414,43,27,16/43,16/585,27/4540,9.324171133234024e-6,9.324171133234024e-6,9.324171133234024e-6,Metabolism; Lipid metabolism,alpha-Linolenic acid metabolism,gad1245
ath00071,16,3.9944933920704844,47,31,16/47,16/585,31/4540,3.407933122209948e-5,3.407933122209948e-5,3.407933122209948e-5,Metabolism; Lipid metabolism,Fatty acid degradation,gad1245
ath00480,25,10.050660792951541,103,78,25/103,25/585,78/4540,2.1165844427248223e-4,2.1165844427248223e-4,2.1165844427248223e-4,Metabolism; Metabolism of other amino acids,Glutathione metabolism,gad1245
ath00330,16,4.89647577092511,54,38,16/54,16/585,38/4540,2.222903663399504e-4,2.222903663399504e-4,2.222903663399504e-4,Metabolism; Amino acid metabolism,Arginine and proline metabolism,gad1245
ath00270,28,12.370044052863436,124,96,28/124,28/585,96/4540,2.9052310301134733e-4,2.9052310301134733e-4,2.9052310301134733e-4,Metabolism; Amino acid metabolism,Cysteine and methionine metabolism,gad1245
ath00280,15,4.7676211453744495,52,37,15/52,15/585,37/4540,4.7944433690685006e-4,4.7944433690685006e-4,4.7944433690685006e-4,Metabolism; Amino acid metabolism,"Valine, leucine and isoleucine degradation",gad1245
ath00260,18,6.700440528634362,70,52,18/70,18/585,52/4540,8.296172432574067e-4,8.296172432574067e-4,8.296172432574067e-4,Metabolism; Amino acid metabolism,"Glycine, serine and threonine metabolism",gad1245
ath00350,12,3.736784140969163,41,29,12/41,12/585,29/4540,0.0015153171378792353,0.0015153171378792353,0.0015153171378792353,Metabolism; Amino acid metabolism,Tyrosine metabolism,gad1245
ath00940,27,13.01431718061674,128,101,27/128,27/585,101/4540,0.0016340326880393864,0.0016340326880393864,0.0016340326880393864,Metabolism; Biosynthesis of other secondary metabolites,Phenylpropanoid biosynthesis,gad1245
ath00903,4,0.2577092511013216,6,2,4/6,4/585,2/4540,0.0020869483304119035,0.0020869483304119035,0.0020869483304119035,Metabolism; Metabolism of terpenoids and polyketides,Limonene and pinene degradation,gad1245
ath04016,28,14.302863436123348,139,111,28/139,28/585,111/4540,0.0025586129081180253,0.0025586129081180253,0.0025586129081180253,Environmental Information Processing; Signal transduction,MAPK signaling pathway - plant,gad1245
ath00901,3,0.1288546255506608,4,1,3/4,3/585,1/4540,0.005417342336391935,0.005417342336391935,0.005417342336391935,Metabolism; Biosynthesis of other secondary metabolites,Indole alkaloid biosynthesis,gad1245
ath00966,8,2.3193832599118944,26,18,8/26,8/585,18/4540,0.006597817608394305,0.006597817608394305,0.006597817608394305,Metabolism; Biosynthesis of other secondary metabolites,Glucosinolate biosynthesis,gad1245
ath00908,9,2.9636563876651985,32,23,9/32,9/585,23/4540,0.007725130801712491,0.007725130801712491,0.007725130801712491,Metabolism; Metabolism of terpenoids and polyketides,Zeatin biosynthesis,gad1245
ath00561,15,6.5715859030837,66,51,15/66,15/585,51/4540,0.009369883360675017,0.009369883360675017,0.009369883360675017,Metabolism; Lipid metabolism,Glycerolipid metabolism,gad1245
ath00360,9,3.092511013215859,33,24,9/33,9/585,24/4540,0.009575783832445096,0.009575783832445096,0.009575783832445096,Metabolism; Amino acid metabolism,Phenylalanine metabolism,gad1245
ath00460,15,7.0870044052863435,70,55,15/70,15/585,55/4540,0.013008719690345673,0.013008719690345673,0.013008719690345673,Metabolism; Metabolism of other amino acids,Cyanoamino acid metabolism,gad1245
ath00410,11,4.638766519823789,47,36,11/47,11/585,36/4540,0.017852139214628984,0.017852139214628984,0.017852139214628984,Metabolism; Metabolism of other amino acids,beta-Alanine metabolism,gad1245
ath00310,8,2.9636563876651985,31,23,8/31,8/585,23/4540,0.01997648593887172,0.01997648593887172,0.01997648593887172,Metabolism; Amino acid metabolism,Lysine degradation,gad1245
ath04626,34,21.905286343612335,204,170,34/204,34/585,170/4540,0.023792681156904954,0.023792681156904954,0.023792681156904954,Organismal Systems; Environmental adaptation,Plant-pathogen interaction,gad1245
ath00904,6,1.9328193832599119,21,15,6/21,6/585,15/4540,0.02607333024168013,0.02607333024168013,0.02607333024168013,Metabolism; Metabolism of terpenoids and polyketides,Diterpenoid biosynthesis,gad1245
ath00053,13,6.442731277533039,63,50,13/63,13/585,50/4540,0.02762046513220762,0.02762046513220762,0.02762046513220762,Metabolism; Carbohydrate metabolism,Ascorbate and aldarate metabolism,gad1245
ath00950,6,2.0616740088105727,22,16,6/22,6/585,16/4540,0.03250089094413349,0.03250089094413349,0.03250089094413349,Metabolism; Biosynthesis of other secondary metabolites,Isoquinoline alkaloid biosynthesis,gad1245
ath00500,28,18.426211453744493,171,143,28/171,28/585,143/4540,0.04910790467199414,0.04910790467199414,0.04910790467199414,Metabolism; Carbohydrate metabolism,Starch and sucrose metabolism,gad1245
ath02010,13,7.0870044052863435,68,55,13/68,13/585,55/4540,0.053477418797155125,0.053477418797155125,0.053477418797155125,Environmental Information Processing; Membrane transport,ABC transporters,gad1245
ath00340,5,1.803964757709251,19,14,5/19,5/585,14/4540,0.057013825129962094,0.057013825129962094,0.057013825129962094,Metabolism; Amino acid metabolism,Histidine metabolism,gad1245
ath00591,3,0.7731277533039648,9,6,3/9,3/585,6/4540,0.07351275406958131,0.07351275406958131,0.07351275406958131,Metabolism; Lipid metabolism,Linoleic acid metabolism,gad1245
ath00905,3,0.7731277533039648,9,6,3/9,3/585,6/4540,0.07351275406958131,0.07351275406958131,0.07351275406958131,Metabolism; Metabolism of terpenoids and polyketides,Brassinosteroid biosynthesis,gad1245
ath00945,3,0.7731277533039648,9,6,3/9,3/585,6/4540,0.07351275406958131,0.07351275406958131,0.07351275406958131,Metabolism; Biosynthesis of other secondary metabolites,"Stilbenoid, diarylheptanoid and gingerol biosynthesis",gad1245
ath00250,10,5.283039647577093,51,41,10/51,10/585,41/4540,0.07458528619860154,0.07458528619860154,0.07458528619860154,Metabolism; Amino acid metabolism,"Alanine, aspartate and glutamate metabolism",gad1245
ath00999,12,6.829295154185022,65,53,12/65,12/585,53/4540,0.07748134782279227,0.07748134782279227,0.07748134782279227,Metabolism; Biosynthesis of other secondary metabolites,Biosynthesis of various plant secondary metabolites,gad1245
ath00040,18,11.59691629955947,108,90,18/108,18/585,90/4540,0.09139225910908232,0.09139225910908232,0.09139225910908232,Metabolism; Carbohydrate metabolism,Pentose and glucuronate interconversions,gad1245
ath00770,7,3.4790748898678414,34,27,7/34,7/585,27/4540,0.1012121935521059,0.1012121935521059,0.1012121935521059,Metabolism; Metabolism of cofactors and vitamins,Pantothenate and CoA biosynthesis,gad1245
ath00906,6,2.9636563876651985,29,23,6/29,6/585,23/4540,0.13449971835497831,0.13449971835497831,0.13449971835497831,Metabolism; Metabolism of terpenoids and polyketides,Carotenoid biosynthesis,gad1245
ath00920,8,4.381057268722467,42,34,8/42,8/585,34/4540,0.1378202559538414,0.1378202559538414,0.1378202559538414,Metabolism; Energy metabolism,Sulfur metabolism,gad1245
ath00910,8,4.509911894273127,43,35,8/43,8/585,35/4540,0.1451891071026998,0.1451891071026998,0.1451891071026998,Metabolism; Energy metabolism,Nitrogen metabolism,gad1245
ath00100,7,3.736784140969163,36,29,7/36,7/585,29/4540,0.1798753140473231,0.1798753140473231,0.1798753140473231,Metabolism; Lipid metabolism,Steroid biosynthesis,gad1245
ath00130,7,4.1233480176211454,39,32,7/39,7/585,32/4540,0.20249930602854635,0.20249930602854635,0.20249930602854635,Metabolism; Metabolism of cofactors and vitamins,Ubiquinone and other terpenoid-quinone biosynthesis,gad1245
ath00261,3,1.4174008810572687,14,11,3/14,3/585,11/4540,0.20906472264361683,0.20906472264361683,0.20906472264361683,Metabolism; Biosynthesis of other secondary metabolites,Monobactam biosynthesis,gad1245
ath00520,20,14.560572687224669,133,113,20/133,20/585,113/4540,0.21158357584289267,0.21158357584289267,0.21158357584289267,Metabolism; Carbohydrate metabolism,Amino sugar and nucleotide sugar metabolism,gad1245
ath00300,3,1.5462555066079295,15,12,3/15,3/585,12/4540,0.24069682977343412,0.24069682977343412,0.24069682977343412,Metabolism; Amino acid metabolism,Lysine biosynthesis,gad1245
ath00564,15,10.823788546255507,99,84,15/99,15/585,84/4540,0.261281774452146,0.261281774452146,0.261281774452146,Metabolism; Lipid metabolism,Glycerophospholipid metabolism,gad1245
ath00511,4,1.9328193832599119,19,15,4/19,4/585,15/4540,0.2633753840573636,0.2633753840573636,0.2633753840573636,Metabolism; Glycan biosynthesis and metabolism,Other glycan degradation,gad1245
ath00740,4,2.0616740088105727,20,16,4/20,4/585,16/4540,0.275637001006959,0.275637001006959,0.275637001006959,Metabolism; Metabolism of cofactors and vitamins,Riboflavin metabolism,gad1245
ath00730,4,2.1905286343612334,21,17,4/21,4/585,17/4540,0.2902109045329199,0.2902109045329199,0.2902109045329199,Metabolism; Metabolism of cofactors and vitamins,Thiamine metabolism,gad1245
ath00052,9,6.185022026431718,57,48,9/57,9/585,48/4540,0.2929919409393096,0.2929919409393096,0.2929919409393096,Metabolism; Carbohydrate metabolism,Galactose metabolism,gad1245
ath00062,6,3.8656387665198237,36,30,6/36,6/585,30/4540,0.2935885534448225,0.2935885534448225,0.2935885534448225,Metabolism; Lipid metabolism,Fatty acid elongation,gad1245
ath00220,6,3.8656387665198237,36,30,6/36,6/585,30/4540,0.2935885534448225,0.2935885534448225,0.2935885534448225,Metabolism; Amino acid metabolism,Arginine biosynthesis,gad1245
ath00960,6,3.8656387665198237,36,30,6/36,6/585,30/4540,0.2935885534448225,0.2935885534448225,0.2935885534448225,Metabolism; Biosynthesis of other secondary metabolites,"Tropane, piperidine and pyridine alkaloid biosynthesis",gad1245
ath00620,14,10.694933920704846,97,83,14/97,14/585,83/4540,0.3333001528201937,0.3333001528201937,0.3333001528201937,Metabolism; Carbohydrate metabolism,Pyruvate metabolism,gad1245
ath00430,2,1.1596916299559472,11,9,2/11,2/585,9/4540,0.3627779163112833,0.3627779163112833,0.3627779163112833,Metabolism; Metabolism of other amino acids,Taurine and hypotaurine metabolism,gad1245
ath00860,8,5.798458149779735,53,45,8/53,8/585,45/4540,0.38350893215555376,0.38350893215555376,0.38350893215555376,Metabolism; Metabolism of cofactors and vitamins,Porphyrin metabolism,gad1245
ath00600,5,3.4790748898678414,32,27,5/32,5/585,27/4540,0.4041584091187351,0.4041584091187351,0.4041584091187351,Metabolism; Lipid metabolism,Sphingolipid metabolism,gad1245
ath00640,6,4.509911894273127,41,35,6/41,6/585,35/4540,0.46126753498063366,0.46126753498063366,0.46126753498063366,Metabolism; Carbohydrate metabolism,Propanoate metabolism,gad1245
ath04146,12,9.79295154185022,88,76,12/88,12/585,76/4540,0.497870953718292,0.497870953718292,0.497870953718292,Cellular Processes; Transport and catabolism,Peroxisome,gad1245
ath00941,4,2.7059471365638768,25,21,4/25,4/585,21/4540,0.5207641038993985,0.5207641038993985,0.5207641038993985,Metabolism; Biosynthesis of other secondary metabolites,Flavonoid biosynthesis,gad1245
ath01040,4,2.7059471365638768,25,21,4/25,4/585,21/4540,0.5207641038993985,0.5207641038993985,0.5207641038993985,Metabolism; Lipid metabolism,Biosynthesis of unsaturated fatty acids,gad1245
ath00514,2,1.4174008810572687,13,11,2/13,2/585,11/4540,0.6532268950788432,0.6532268950788432,0.6532268950788432,Metabolism; Glycan biosynthesis and metabolism,Other types of O-glycan biosynthesis,gad1245
ath00750,2,1.6751101321585904,15,13,2/15,2/585,13/4540,0.6860839649334814,0.6860839649334814,0.6860839649334814,Metabolism; Metabolism of cofactors and vitamins,Vitamin B6 metabolism,gad1245
ath00562,10,8.890969162995594,79,69,10/79,10/585,69/4540,0.7204633815871663,0.7204633815871663,0.7204633815871663,Metabolism; Carbohydrate metabolism,Inositol phosphate metabolism,gad1245
ath00196,3,2.448237885462555,22,19,3/22,3/585,19/4540,0.733047692841376,0.733047692841376,0.733047692841376,Metabolism; Energy metabolism,Photosynthesis - antenna proteins,gad1245
ath00909,3,2.5770925110132157,23,20,3/23,3/585,20/4540,0.7410266430371439,0.7410266430371439,0.7410266430371439,Metabolism; Metabolism of terpenoids and polyketides,Sesquiterpenoid and triterpenoid biosynthesis,gad1245
ath04136,5,4.638766519823789,41,36,5/41,5/585,36/4540,0.8054419786558622,0.8054419786558622,0.8054419786558622,Cellular Processes; Transport and catabolism,Autophagy - other,gad1245
ath00010,14,13.529735682819384,119,105,14/119,14/585,105/4540,0.8839143307174745,0.8839143307174745,0.8839143307174745,Metabolism; Carbohydrate metabolism,Glycolysis / Gluconeogenesis,gad1245
ath00565,3,2.9636563876651985,26,23,3/26,3/585,23/4540,1,1,1,Metabolism; Lipid metabolism,Ether lipid metabolism,gad1245
ath00592,20,3.5304974116587893,43,23,20/43,20/682,23/4443,1.1069486271834944e-7,1.1069486271834944e-7,1.1069486271834944e-7,Metabolism; Lipid metabolism,alpha-Linolenic acid metabolism,gad2OEB33
ath00071,19,4.2979968489759175,47,28,19/47,19/682,28/4443,3.2339127781252415e-6,3.2339127781252415e-6,3.2339127781252415e-6,Metabolism; Lipid metabolism,Fatty acid degradation,gad2OEB33
ath00410,18,4.451496736439343,47,29,18/47,18/682,29/4443,1.4421736335908352e-5,1.4421736335908352e-5,1.4421736335908352e-5,Metabolism; Metabolism of other amino acids,beta-Alanine metabolism,gad2OEB33
ath04075,64,34.844474454197616,291,227,64/291,64/682,227/4443,2.5403962935107676e-5,2.5403962935107676e-5,2.5403962935107676e-5,Environmental Information Processing; Signal transduction,Plant hormone signal transduction,gad2OEB33
ath00380,21,6.600495160927301,64,43,21/64,21/682,43/4443,4.439682535840495e-5,4.439682535840495e-5,4.439682535840495e-5,Metabolism; Amino acid metabolism,Tryptophan metabolism,gad2OEB33
ath00940,33,14.582489309025433,128,95,33/128,33/682,95/4443,1.0877138414792435e-4,1.0877138414792435e-4,1.0877138414792435e-4,Metabolism; Biosynthesis of other secondary metabolites,Phenylpropanoid biosynthesis,gad2OEB33
ath00480,27,11.665991447220346,103,76,27/103,27/682,76/4443,3.533374576036459e-4,3.533374576036459e-4,3.533374576036459e-4,Metabolism; Metabolism of other amino acids,Glutathione metabolism,gad2OEB33
ath00561,19,7.214494710781004,66,47,19/66,19/682,47/4443,7.513578441132822e-4,7.513578441132822e-4,7.513578441132822e-4,Metabolism; Lipid metabolism,Glycerolipid metabolism,gad2OEB33
ath00908,11,3.223497636731938,32,21,11/32,11/682,21/4443,0.0019393319257101271,0.0019393319257101271,0.0019393319257101271,Metabolism; Metabolism of terpenoids and polyketides,Zeatin biosynthesis,gad2OEB33
ath00260,19,7.828494260634706,70,51,19/70,19/682,51/4443,0.0019816134687625337,0.0019816134687625337,0.0019816134687625337,Metabolism; Amino acid metabolism,"Glycine, serine and threonine metabolism",gad2OEB33
ath00400,16,6.139995498537025,56,40,16/56,16/682,40/4443,0.002243409603187668,0.002243409603187668,0.002243409603187668,Metabolism; Amino acid metabolism,"Phenylalanine, tyrosine and tryptophan biosynthesis",gad2OEB33
ath00903,4,0.3069997749268512,6,2,4/6,4/682,2/4443,0.003733671648676192,0.003733671648676192,0.003733671648676192,Metabolism; Metabolism of terpenoids and polyketides,Limonene and pinene degradation,gad2OEB33
ath00330,15,5.9864956110735985,54,39,15/54,15/682,39/4443,0.003986716343246044,0.003986716343246044,0.003986716343246044,Metabolism; Amino acid metabolism,Arginine and proline metabolism,gad2OEB33
ath00999,17,7.3679945982444295,65,48,17/65,17/682,48/4443,0.004910646899707018,0.004910646899707018,0.004910646899707018,Metabolism; Biosynthesis of other secondary metabolites,Biosynthesis of various plant secondary metabolites,gad2OEB33
ath00280,14,5.832995723610173,52,38,14/52,14/682,38/4443,0.0070601863358844205,0.0070601863358844205,0.0070601863358844205,Metabolism; Amino acid metabolism,"Valine, leucine and isoleucine degradation",gad2OEB33
ath00901,3,0.1534998874634256,4,1,3/4,3/682,1/4443,0.008456553238344761,0.008456553238344761,0.008456553238344761,Metabolism; Biosynthesis of other secondary metabolites,Indole alkaloid biosynthesis,gad2OEB33
ath00770,10,3.6839972991222147,34,24,10/34,10/682,24/4443,0.010625310475888097,0.010625310475888097,0.010625310475888097,Metabolism; Metabolism of cofactors and vitamins,Pantothenate and CoA biosynthesis,gad2OEB33
ath00460,17,8.135494035561557,70,53,17/70,17/682,53/4443,0.011746190961619801,0.011746190961619801,0.011746190961619801,Metabolism; Metabolism of other amino acids,Cyanoamino acid metabolism,gad2OEB33
ath00270,26,15.04298897141571,124,98,26/124,26/682,98/4443,0.015445012716108887,0.015445012716108887,0.015445012716108887,Metabolism; Amino acid metabolism,Cysteine and methionine metabolism,gad2OEB33
ath00942,2,0,2,0,2/2,2/682,0/4443,0.017685954189752676,0.017685954189752676,0.017685954189752676,Metabolism; Biosynthesis of other secondary metabolites,Anthocyanin biosynthesis,gad2OEB33
ath00350,11,4.604996623902768,41,30,11/41,11/682,30/4443,0.018266656714332617,0.018266656714332617,0.018266656714332617,Metabolism; Amino acid metabolism,Tyrosine metabolism,gad2OEB33
ath00196,7,2.302498311951384,22,15,7/22,7/682,15/4443,0.020073202712909067,0.020073202712909067,0.020073202712909067,Metabolism; Energy metabolism,Photosynthesis - antenna proteins,gad2OEB33
ath04016,28,17.038487508440245,139,111,28/139,28/682,111/4443,0.021941532175176293,0.021941532175176293,0.021941532175176293,Environmental Information Processing; Signal transduction,MAPK signaling pathway - plant,gad2OEB33
ath00910,11,4.911996398829619,43,32,11/43,11/682,32/4443,0.024094309423989543,0.024094309423989543,0.024094309423989543,Metabolism; Energy metabolism,Nitrogen metabolism,gad2OEB33
ath00500,32,21.33648435741616,171,139,32/171,32/682,139/4443,0.039093218298472635,0.039093218298472635,0.039093218298472635,Metabolism; Carbohydrate metabolism,Starch and sucrose metabolism,gad2OEB33
ath02010,15,8.135494035561557,68,53,15/68,15/682,53/4443,0.04545723292262981,0.04545723292262981,0.04545723292262981,Environmental Information Processing; Membrane transport,ABC transporters,gad2OEB33
ath00430,4,1.0744992122439794,11,7,4/11,4/682,7/4443,0.047487959026324314,0.047487959026324314,0.047487959026324314,Metabolism; Metabolism of other amino acids,Taurine and hypotaurine metabolism,gad2OEB33
ath00232,2,0.1534998874634256,3,1,2/3,2/682,1/4443,0.048362782011369315,0.048362782011369315,0.048362782011369315,Metabolism; Biosynthesis of other secondary metabolites,Caffeine metabolism,gad2OEB33
ath04146,18,10.744992122439793,88,70,18/88,18/682,70/4443,0.05614061256186726,0.05614061256186726,0.05614061256186726,Cellular Processes; Transport and catabolism,Peroxisome,gad2OEB33
ath00950,6,2.4559981994148097,22,16,6/22,6/682,16/4443,0.06208371224233257,0.06208371224233257,0.06208371224233257,Metabolism; Biosynthesis of other secondary metabolites,Isoquinoline alkaloid biosynthesis,gad2OEB33
ath00600,8,3.6839972991222147,32,24,8/32,8/682,24/4443,0.06384860949727442,0.06384860949727442,0.06384860949727442,Metabolism; Lipid metabolism,Sphingolipid metabolism,gad2OEB33
ath00630,16,9.516993022732388,78,62,16/78,16/682,62/4443,0.06471103054697952,0.06471103054697952,0.06471103054697952,Metabolism; Carbohydrate metabolism,Glyoxylate and dicarboxylate metabolism,gad2OEB33
ath00360,8,3.83749718658564,33,25,8/33,8/682,25/4443,0.07174871303653259,0.07174871303653259,0.07174871303653259,Metabolism; Amino acid metabolism,Phenylalanine metabolism,gad2OEB33
ath00340,5,2.1489984244879587,19,14,5/19,5/682,14/4443,0.097470233728367,0.097470233728367,0.097470233728367,Metabolism; Amino acid metabolism,Histidine metabolism,gad2OEB33
ath00591,3,0.9209993247805537,9,6,3/9,3/682,6/4443,0.10650209364887796,0.10650209364887796,0.10650209364887796,Metabolism; Lipid metabolism,Linoleic acid metabolism,gad2OEB33
ath00905,3,0.9209993247805537,9,6,3/9,3/682,6/4443,0.10650209364887796,0.10650209364887796,0.10650209364887796,Metabolism; Metabolism of terpenoids and polyketides,Brassinosteroid biosynthesis,gad2OEB33
ath00750,4,1.6884987620976817,15,11,4/15,4/682,11/4443,0.12820191025415012,0.12820191025415012,0.12820191025415012,Metabolism; Metabolism of cofactors and vitamins,Vitamin B6 metabolism,gad2OEB33
ath00860,11,6.446995273463876,53,42,11/53,11/682,42/4443,0.15015020497879863,0.15015020497879863,0.15015020497879863,Metabolism; Metabolism of cofactors and vitamins,Porphyrin metabolism,gad2OEB33
ath00061,9,5.218996173756471,43,34,9/43,9/682,34/4443,0.17047526451883854,0.17047526451883854,0.17047526451883854,Metabolism; Lipid metabolism,Fatty acid biosynthesis,gad2OEB33
ath00730,5,2.4559981994148097,21,16,5/21,5/682,16/4443,0.18653805050925673,0.18653805050925673,0.18653805050925673,Metabolism; Metabolism of cofactors and vitamins,Thiamine metabolism,gad2OEB33
ath00040,19,13.661489984244879,108,89,19/108,19/682,89/4443,0.1961986910209902,0.1961986910209902,0.1961986910209902,Metabolism; Carbohydrate metabolism,Pentose and glucuronate interconversions,gad2OEB33
ath00250,10,6.29349538600045,51,41,10/51,10/682,41/4443,0.2094879061714598,0.2094879061714598,0.2094879061714598,Metabolism; Amino acid metabolism,"Alanine, aspartate and glutamate metabolism",gad2OEB33
ath00130,8,4.758496511366194,39,31,8/39,8/682,31/4443,0.2305005512021967,0.2305005512021967,0.2305005512021967,Metabolism; Metabolism of cofactors and vitamins,Ubiquinone and other terpenoid-quinone biosynthesis,gad2OEB33
ath00564,17,12.5869907720009,99,82,17/99,17/682,82/4443,0.23464043932172568,0.23464043932172568,0.23464043932172568,Metabolism; Lipid metabolism,Glycerophospholipid metabolism,gad2OEB33
ath00310,6,3.83749718658564,31,25,6/31,6/682,25/4443,0.2917788396136983,0.2917788396136983,0.2917788396136983,Metabolism; Amino acid metabolism,Lysine degradation,gad2OEB33
ath00100,7,4.451496736439343,36,29,7/36,7/682,29/4443,0.3187233826493876,0.3187233826493876,0.3187233826493876,Metabolism; Lipid metabolism,Steroid biosynthesis,gad2OEB33
ath00960,7,4.451496736439343,36,29,7/36,7/682,29/4443,0.3187233826493876,0.3187233826493876,0.3187233826493876,Metabolism; Biosynthesis of other secondary metabolites,"Tropane, piperidine and pyridine alkaloid biosynthesis",gad2OEB33
ath00590,4,2.4559981994148097,20,16,4/20,4/682,16/4443,0.32846426338905893,0.32846426338905893,0.32846426338905893,Metabolism; Lipid metabolism,Arachidonic acid metabolism,gad2OEB33
ath00650,4,2.4559981994148097,20,16,4/20,4/682,16/4443,0.32846426338905893,0.32846426338905893,0.32846426338905893,Metabolism; Carbohydrate metabolism,Butanoate metabolism,gad2OEB33
ath00945,2,1.0744992122439794,9,7,2/9,2/682,7/4443,0.34131501084314236,0.34131501084314236,0.34131501084314236,Metabolism; Biosynthesis of other secondary metabolites,"Stilbenoid, diarylheptanoid and gingerol biosynthesis",gad2OEB33
ath00053,11,7.981994148098132,63,52,11/63,11/682,52/4443,0.34806264600967335,0.34806264600967335,0.34806264600967335,Metabolism; Carbohydrate metabolism,Ascorbate and aldarate metabolism,gad2OEB33
ath00941,5,3.0699977492685124,25,20,5/25,5/682,20/4443,0.36801056893432077,0.36801056893432077,0.36801056893432077,Metabolism; Biosynthesis of other secondary metabolites,Flavonoid biosynthesis,gad2OEB33
ath01040,5,3.0699977492685124,25,20,5/25,5/682,20/4443,0.36801056893432077,0.36801056893432077,0.36801056893432077,Metabolism; Lipid metabolism,Biosynthesis of unsaturated fatty acids,gad2OEB33
ath00562,13,10.13099257258609,79,66,13/79,13/682,66/4443,0.40309211533554284,0.40309211533554284,0.40309211533554284,Metabolism; Carbohydrate metabolism,Inositol phosphate metabolism,gad2OEB33
ath00780,3,1.995498537024533,16,13,3/16,3/682,13/4443,0.4618109463574134,0.4618109463574134,0.4618109463574134,Metabolism; Metabolism of cofactors and vitamins,Biotin metabolism,gad2OEB33
ath00220,6,4.604996623902768,36,30,6/36,6/682,30/4443,0.4683044153784806,0.4683044153784806,0.4683044153784806,Metabolism; Amino acid metabolism,Arginine biosynthesis,gad2OEB33
ath00640,7,5.218996173756471,41,34,7/41,7/682,34/4443,0.48570047696239727,0.48570047696239727,0.48570047696239727,Metabolism; Carbohydrate metabolism,Propanoate metabolism,gad2OEB33
ath00195,12,9.977492685122664,77,65,12/77,12/682,65/4443,0.5017576459941355,0.5017576459941355,0.5017576459941355,Metabolism; Energy metabolism,Photosynthesis,gad2OEB33
ath00670,4,2.6094980868782356,21,17,4/21,4/682,17/4443,0.5128144065781184,0.5128144065781184,0.5128144065781184,Metabolism; Metabolism of cofactors and vitamins,One carbon pool by folate,gad2OEB33
ath00904,4,2.6094980868782356,21,17,4/21,4/682,17/4443,0.5128144065781184,0.5128144065781184,0.5128144065781184,Metabolism; Metabolism of terpenoids and polyketides,Diterpenoid biosynthesis,gad2OEB33
ath00520,20,17.345487283367095,133,113,20/133,20/682,113/4443,0.5190034167750193,0.5190034167750193,0.5190034167750193,Metabolism; Carbohydrate metabolism,Amino sugar and nucleotide sugar metabolism,gad2OEB33
ath04626,30,26.708980418636056,204,174,30/204,30/682,174/4443,0.5284898910639045,0.5284898910639045,0.5284898910639045,Organismal Systems; Environmental adaptation,Plant-pathogen interaction,gad2OEB33
ath00052,9,7.3679945982444295,57,48,9/57,9/682,48/4443,0.5560893412121496,0.5560893412121496,0.5560893412121496,Metabolism; Carbohydrate metabolism,Galactose metabolism,gad2OEB33
ath00030,9,7.521494485707855,58,49,9/58,9/682,49/4443,0.5620812309304,0.5620812309304,0.5620812309304,Metabolism; Carbohydrate metabolism,Pentose phosphate pathway,gad2OEB33
ath00051,10,8.135494035561557,63,53,10/63,10/682,53/4443,0.5736482441164198,0.5736482441164198,0.5736482441164198,Metabolism; Carbohydrate metabolism,Fructose and mannose metabolism,gad2OEB33
ath00906,5,3.6839972991222147,29,24,5/29,5/682,24/4443,0.5791579614966557,0.5791579614966557,0.5791579614966557,Metabolism; Metabolism of terpenoids and polyketides,Carotenoid biosynthesis,gad2OEB33
ath00010,18,15.503488633805986,119,101,18/119,18/682,101/4443,0.5839604257253889,0.5839604257253889,0.5839604257253889,Metabolism; Carbohydrate metabolism,Glycolysis / Gluconeogenesis,gad2OEB33
ath00603,2,1.3814989871708305,11,9,2/11,2/682,9/4443,0.6487876871397641,0.6487876871397641,0.6487876871397641,Metabolism; Glycan biosynthesis and metabolism,Glycosphingolipid biosynthesis - globo and isoglobo series,gad2OEB33
ath00261,2,1.8419986495611074,14,12,2/14,2/682,12/4443,0.7088767069950891,0.7088767069950891,0.7088767069950891,Metabolism; Biosynthesis of other secondary metabolites,Monobactam biosynthesis,gad2OEB33
ath00740,3,2.6094980868782356,20,17,3/20,3/682,17/4443,0.7422923315029835,0.7422923315029835,0.7422923315029835,Metabolism; Metabolism of cofactors and vitamins,Riboflavin metabolism,gad2OEB33
ath00565,4,3.3769975241953634,26,22,4/26,4/682,22/4443,0.769992152840755,0.769992152840755,0.769992152840755,Metabolism; Lipid metabolism,Ether lipid metabolism,gad2OEB33
ath00966,4,3.3769975241953634,26,22,4/26,4/682,22/4443,0.769992152840755,0.769992152840755,0.769992152840755,Metabolism; Biosynthesis of other secondary metabolites,Glucosinolate biosynthesis,gad2OEB33
ath00062,5,4.758496511366194,36,31,5/36,5/682,31/4443,0.8081167001219001,0.8081167001219001,0.8081167001219001,Metabolism; Lipid metabolism,Fatty acid elongation,gad2OEB33
ath00920,6,5.525995948683322,42,36,6/42,6/682,36/4443,0.819257183970341,0.819257183970341,0.819257183970341,Metabolism; Energy metabolism,Sulfur metabolism,gad2OEB33
ath00230,12,11.51249155975692,87,75,12/87,12/682,75/4443,0.8734287529670243,0.8734287529670243,0.8734287529670243,Metabolism; Nucleotide metabolism,Purine metabolism,gad2OEB33
ath00300,2,1.995498537024533,15,13,2/15,2/682,13/4443,1,1,1,Metabolism; Amino acid metabolism,Lysine biosynthesis,gad2OEB33
ath00966,16,2.475657254138267,26,10,16/26,16/1017,10/4108,3.660854612659852e-6,3.660854612659852e-6,3.660854612659852e-6,Metabolism; Biosynthesis of other secondary metabolites,Glucosinolate biosynthesis,pop28
ath00860,24,7.179406037000974,53,29,24/53,24/1017,29/4108,2.965237360225731e-5,2.965237360225731e-5,2.965237360225731e-5,Metabolism; Metabolism of cofactors and vitamins,Porphyrin metabolism,pop28
ath03030,22,6.436708860759493,48,26,22/48,22/1017,26/4108,6.165882786289534e-5,6.165882786289534e-5,6.165882786289534e-5,Genetic Information Processing; Replication and repair,DNA replication,pop28
ath03010,98,65.10978578383641,361,263,98/361,98/1017,263/4108,4.6903648468360704e-4,4.6903648468360704e-4,4.6903648468360704e-4,Genetic Information Processing; Translation,Ribosome,pop28
ath00071,19,6.931840311587147,47,28,19/47,19/1017,28/4108,0.0012833344849087147,0.0012833344849087147,0.0012833344849087147,Metabolism; Lipid metabolism,Fatty acid degradation,pop28
ath00400,21,8.664800389483934,56,35,21/56,21/1017,35/4108,0.0020112340181232535,0.0020112340181232535,0.0020112340181232535,Metabolism; Amino acid metabolism,"Phenylalanine, tyrosine and tryptophan biosynthesis",pop28
ath00260,25,11.1404576436222,70,45,25/70,25/1017,45/4108,0.0021244427885931975,0.0021244427885931975,0.0021244427885931975,Metabolism; Amino acid metabolism,"Glycine, serine and threonine metabolism",pop28
ath00280,20,7.922103213242454,52,32,20/52,20/1017,32/4108,0.002334106525012739,0.002334106525012739,0.002334106525012739,Metabolism; Amino acid metabolism,"Valine, leucine and isoleucine degradation",pop28
ath00908,14,4.4561830574488805,32,18,14/32,14/1017,18/4108,0.0025682778452119854,0.0025682778452119854,0.0025682778452119854,Metabolism; Metabolism of terpenoids and polyketides,Zeatin biosynthesis,pop28
ath00410,18,7.179406037000974,47,29,18/47,18/1017,29/4108,0.00292159255136586,0.00292159255136586,0.00292159255136586,Metabolism; Metabolism of other amino acids,beta-Alanine metabolism,pop28
ath00592,17,6.436708860759493,43,26,17/43,17/1017,26/4108,0.00307203822218561,0.00307203822218561,0.00307203822218561,Metabolism; Lipid metabolism,alpha-Linolenic acid metabolism,pop28
ath00460,24,11.388023369036027,70,46,24/70,24/1017,46/4108,0.0038873742327287107,0.0038873742327287107,0.0038873742327287107,Metabolism; Metabolism of other amino acids,Cyanoamino acid metabolism,pop28
ath00770,14,4.951314508276534,34,20,14/34,14/1017,20/4108,0.003996123436552267,0.003996123436552267,0.003996123436552267,Metabolism; Metabolism of cofactors and vitamins,Pantothenate and CoA biosynthesis,pop28
ath00999,23,10.39776046738072,65,42,23/65,23/1017,42/4108,0.004179486176535548,0.004179486176535548,0.004179486176535548,Metabolism; Biosynthesis of other secondary metabolites,Biosynthesis of various plant secondary metabolites,pop28
ath00196,10,2.97078870496592,22,12,10/22,10/1017,12/4108,0.005691666858221627,0.005691666858221627,0.005691666858221627,Metabolism; Energy metabolism,Photosynthesis - antenna proteins,pop28
ath00380,22,10.39776046738072,64,42,22/64,22/1017,42/4108,0.006517881194026431,0.006517881194026431,0.006517881194026431,Metabolism; Amino acid metabolism,Tryptophan metabolism,pop28
ath00330,19,8.664800389483934,54,35,19/54,19/1017,35/4108,0.008883037399798942,0.008883037399798942,0.008883037399798942,Metabolism; Amino acid metabolism,Arginine and proline metabolism,pop28
ath00480,31,17.824732229795522,103,72,31/103,31/1017,72/4108,0.012050122358562305,0.012050122358562305,0.012050122358562305,Metabolism; Metabolism of other amino acids,Glutathione metabolism,pop28
ath04075,75,53.47419668938656,291,216,75/291,75/1017,216/4108,0.012285203786471837,0.012285203786471837,0.012285203786471837,Environmental Information Processing; Signal transduction,Plant hormone signal transduction,pop28
ath00350,15,6.436708860759493,41,26,15/41,15/1017,26/4108,0.01614940754694308,0.01614940754694308,0.01614940754694308,Metabolism; Amino acid metabolism,Tyrosine metabolism,pop28
ath00903,4,0.49513145082765336,6,2,4/6,4/1017,2/4108,0.01642613393676355,0.01642613393676355,0.01642613393676355,Metabolism; Metabolism of terpenoids and polyketides,Limonene and pinene degradation,pop28
ath00300,7,1.9805258033106135,15,8,7/15,7/1017,8/4108,0.017168300240039833,0.017168300240039833,0.017168300240039833,Metabolism; Amino acid metabolism,Lysine biosynthesis,pop28
ath00561,21,11.1404576436222,66,45,21/66,21/1017,45/4108,0.01914220143989226,0.01914220143989226,0.01914220143989226,Metabolism; Lipid metabolism,Glycerolipid metabolism,pop28
ath00500,46,30.945715676728334,171,125,46/171,46/1017,125/4108,0.02439329404014999,0.02439329404014999,0.02439329404014999,Metabolism; Carbohydrate metabolism,Starch and sucrose metabolism,pop28
ath00360,12,5.19888023369036,33,21,12/33,12/1017,21/4108,0.026098461508069992,0.026098461508069992,0.026098461508069992,Metabolism; Amino acid metabolism,Phenylalanine metabolism,pop28
ath00901,3,0.24756572541382668,4,1,3/4,3/1017,1/4108,0.026552758800584955,0.026552758800584955,0.026552758800584955,Metabolism; Biosynthesis of other secondary metabolites,Indole alkaloid biosynthesis,pop28
ath00950,9,3.2183544303797467,22,13,9/22,9/1017,13/4108,0.026565828618899254,0.026565828618899254,0.026565828618899254,Metabolism; Biosynthesis of other secondary metabolites,Isoquinoline alkaloid biosynthesis,pop28
ath03410,14,6.931840311587147,42,28,14/42,14/1017,28/4108,0.03321960494731655,0.03321960494731655,0.03321960494731655,Genetic Information Processing; Replication and repair,Base excision repair,pop28
ath00340,8,2.7232229795520935,19,11,8/19,8/1017,11/4108,0.036874626179788365,0.036874626179788365,0.036874626179788365,Metabolism; Amino acid metabolism,Histidine metabolism,pop28
ath00270,34,22.2809152872444,124,90,34/124,34/1017,90/4108,0.03954901316762922,0.03954901316762922,0.03954901316762922,Metabolism; Amino acid metabolism,Cysteine and methionine metabolism,pop28
ath00960,12,5.94157740993184,36,24,12/36,12/1017,24/4108,0.05626876544698095,0.05626876544698095,0.05626876544698095,Metabolism; Biosynthesis of other secondary metabolites,"Tropane, piperidine and pyridine alkaloid biosynthesis",pop28
ath00940,33,23.518743914313536,128,95,33/128,33/1017,95/4108,0.09246555755530539,0.09246555755530539,0.09246555755530539,Metabolism; Biosynthesis of other secondary metabolites,Phenylpropanoid biosynthesis,pop28
ath00232,2,0.24756572541382668,3,1,2/3,2/1017,1/4108,0.1024496754043705,0.1024496754043705,0.1024496754043705,Metabolism; Biosynthesis of other secondary metabolites,Caffeine metabolism,pop28
ath00130,12,6.68427458617332,39,27,12/39,12/1017,27/4108,0.10431610506267783,0.10431610506267783,0.10431610506267783,Metabolism; Metabolism of cofactors and vitamins,Ubiquinone and other terpenoid-quinone biosynthesis,pop28
ath00250,15,8.912366114897761,51,36,15/51,15/1017,36/4108,0.1095982000437923,0.1095982000437923,0.1095982000437923,Metabolism; Amino acid metabolism,"Alanine, aspartate and glutamate metabolism",pop28
ath00600,10,5.446445959104187,32,22,10/32,10/1017,22/4108,0.11818987045734507,0.11818987045734507,0.11818987045734507,Metabolism; Lipid metabolism,Sphingolipid metabolism,pop28
ath03430,11,6.436708860759493,37,26,11/37,11/1017,26/4108,0.14592986693136162,0.14592986693136162,0.14592986693136162,Genetic Information Processing; Replication and repair,Mismatch repair,pop28
ath00730,7,3.4659201557935737,21,14,7/21,7/1017,14/4108,0.163727491336253,0.163727491336253,0.163727491336253,Metabolism; Metabolism of cofactors and vitamins,Thiamine metabolism,pop28
ath00261,5,2.2280915287244403,14,9,5/14,5/1017,9/4108,0.1712113875007887,0.1712113875007887,0.1712113875007887,Metabolism; Biosynthesis of other secondary metabolites,Monobactam biosynthesis,pop28
ath00100,10,6.436708860759493,36,26,10/36,10/1017,26/4108,0.21473035952061248,0.21473035952061248,0.21473035952061248,Metabolism; Lipid metabolism,Steroid biosynthesis,pop28
ath00230,22,16.091772151898734,87,65,22/87,22/1017,65/4108,0.22123021109033827,0.22123021109033827,0.22123021109033827,Metabolism; Nucleotide metabolism,Purine metabolism,pop28
ath04016,33,26.241966893865627,139,106,33/139,33/1017,106/4108,0.23683843809731503,0.23683843809731503,0.23683843809731503,Environmental Information Processing; Signal transduction,MAPK signaling pathway - plant,pop28
ath00430,4,1.7329600778967869,11,7,4/11,4/1017,7/4108,0.24500950375490574,0.24500950375490574,0.24500950375490574,Metabolism; Metabolism of other amino acids,Taurine and hypotaurine metabolism,pop28
ath00740,6,3.4659201557935737,20,14,6/20,6/1017,14/4108,0.2612855773460331,0.2612855773460331,0.2612855773460331,Metabolism; Metabolism of cofactors and vitamins,Riboflavin metabolism,pop28
ath00053,16,11.635589094449854,63,47,16/63,16/1017,47/4108,0.26664872977522064,0.26664872977522064,0.26664872977522064,Metabolism; Carbohydrate metabolism,Ascorbate and aldarate metabolism,pop28
ath00290,6,3.7134858812074003,21,15,6/21,6/1017,15/4108,0.28384638842233945,0.28384638842233945,0.28384638842233945,Metabolism; Amino acid metabolism,"Valine, leucine and isoleucine biosynthesis",pop28
ath00630,19,14.606377799415775,78,59,19/78,19/1017,59/4108,0.3169190747799119,0.3169190747799119,0.3169190747799119,Metabolism; Carbohydrate metabolism,Glyoxylate and dicarboxylate metabolism,pop28
ath00910,11,7.922103213242454,43,32,11/43,11/1017,32/4108,0.3384444053065172,0.3384444053065172,0.3384444053065172,Metabolism; Energy metabolism,Nitrogen metabolism,pop28
ath00470,2,0.9902629016553067,6,4,2/6,2/1017,4/4108,0.3408018986687244,0.3408018986687244,0.3408018986687244,Metabolism; Metabolism of other amino acids,D-Amino acid metabolism,pop28
ath00906,8,5.19888023369036,29,21,8/29,8/1017,21/4108,0.3470611797019532,0.3470611797019532,0.3470611797019532,Metabolism; Metabolism of terpenoids and polyketides,Carotenoid biosynthesis,pop28
ath00591,3,1.48539435248296,9,6,3/9,3/1017,6/4108,0.39393537580671245,0.39393537580671245,0.39393537580671245,Metabolism; Lipid metabolism,Linoleic acid metabolism,pop28
ath00220,9,6.68427458617332,36,27,9/36,9/1017,27/4108,0.4061839869812486,0.4061839869812486,0.4061839869812486,Metabolism; Amino acid metabolism,Arginine biosynthesis,pop28
ath00710,16,13.120983446932813,69,53,16/69,16/1017,53/4108,0.4506002951902156,0.4506002951902156,0.4506002951902156,Metabolism; Energy metabolism,Carbon fixation in photosynthetic organisms,pop28
ath00780,4,2.97078870496592,16,12,4/16,4/1017,12/4108,0.5392589013874769,0.5392589013874769,0.5392589013874769,Metabolism; Metabolism of cofactors and vitamins,Biotin metabolism,pop28
ath04712,9,7.426971762414801,39,30,9/39,9/1017,30/4108,0.551266488464594,0.551266488464594,0.551266488464594,Organismal Systems; Environmental adaptation,Circadian rhythm - plant,pop28
ath00061,10,8.169668938656281,43,33,10/43,10/1017,33/4108,0.5653727679374791,0.5653727679374791,0.5653727679374791,Metabolism; Lipid metabolism,Fatty acid biosynthesis,pop28
ath00590,5,3.7134858812074003,20,15,5/20,5/1017,15/4108,0.573841855231833,0.573841855231833,0.573841855231833,Metabolism; Lipid metabolism,Arachidonic acid metabolism,pop28
ath00941,6,4.703748782862707,25,19,6/25,6/1017,19/4108,0.6147729486248301,0.6147729486248301,0.6147729486248301,Metabolism; Biosynthesis of other secondary metabolites,Flavonoid biosynthesis,pop28
ath00030,13,11.1404576436222,58,45,13/58,13/1017,45/4108,0.6197149916456194,0.6197149916456194,0.6197149916456194,Metabolism; Carbohydrate metabolism,Pentose phosphate pathway,pop28
ath00240,14,12.378286270691333,64,50,14/64,14/1017,50/4108,0.638508322525763,0.638508322525763,0.638508322525763,Metabolism; Nucleotide metabolism,Pyrimidine metabolism,pop28
ath00310,7,5.94157740993184,31,24,7/31,7/1017,24/4108,0.6546160622312096,0.6546160622312096,0.6546160622312096,Metabolism; Amino acid metabolism,Lysine degradation,pop28
ath04146,19,17.08203505355404,88,69,19/88,19/1017,69/4108,0.685889221666145,0.685889221666145,0.685889221666145,Cellular Processes; Transport and catabolism,Peroxisome,pop28
ath00905,2,1.7329600778967869,9,7,2/9,2/1017,7/4108,0.6955944857542349,0.6955944857542349,0.6955944857542349,Metabolism; Metabolism of terpenoids and polyketides,Brassinosteroid biosynthesis,pop28
ath00945,2,1.7329600778967869,9,7,2/9,2/1017,7/4108,0.6955944857542349,0.6955944857542349,0.6955944857542349,Metabolism; Biosynthesis of other secondary metabolites,"Stilbenoid, diarylheptanoid and gingerol biosynthesis",pop28
ath00564,21,19.310126582278482,99,78,21/99,21/1017,78/4108,0.7035971887124461,0.7035971887124461,0.7035971887124461,Metabolism; Lipid metabolism,Glycerophospholipid metabolism,pop28
ath00511,4,3.7134858812074003,19,15,4/19,4/1017,15/4108,0.7798525306066392,0.7798525306066392,0.7798525306066392,Metabolism; Glycan biosynthesis and metabolism,Other glycan degradation,pop28
ath04626,42,40.10564751703992,204,162,42/204,42/1017,162/4108,0.788191697153199,0.788191697153199,0.788191697153199,Organismal Systems; Environmental adaptation,Plant-pathogen interaction,pop28
ath00051,13,12.378286270691333,63,50,13/63,13/1017,50/4108,0.8737937918901989,0.8737937918901989,0.8737937918901989,Metabolism; Carbohydrate metabolism,Fructose and mannose metabolism,pop28
ath03420,14,13.120983446932813,67,53,14/67,14/1017,53/4108,0.8772948863770319,0.8772948863770319,0.8772948863770319,Genetic Information Processing; Replication and repair,Nucleotide excision repair,pop28
ath02010,14,13.36854917234664,68,54,14/68,14/1017,54/4108,0.8784055354877212,0.8784055354877212,0.8784055354877212,Environmental Information Processing; Membrane transport,ABC transporters,pop28
ath00531,2,1.9805258033106135,10,8,2/10,2/1017,8/4108,1,1,1,Metabolism; Glycan biosynthesis and metabolism,Glycosaminoglycan degradation,pop28
ath00650,4,3.961051606621227,20,16,4/20,4/1017,16/4108,1,1,1,Metabolism; Carbohydrate metabolism,Butanoate metabolism,pop28
ath00750,3,2.97078870496592,15,12,3/15,3/1017,12/4108,1,1,1,Metabolism; Metabolism of cofactors and vitamins,Vitamin B6 metabolism,pop28
